{
  "recall@20": 0.026970954356846474,
  "alpha": 0.0,
  "beta": 0.0,
  "metrics": {
    "1": {
      "recall": 0.0043677658877484165,
      "ndcg": 0.0043677658877484165,
      "mrr": 0.0043677658877484165
    },
    "5": {
      "recall": 0.01321249181043896,
      "ndcg": 0.008703063111764475,
      "mrr": 0.007237752000950757
    },
    "10": {
      "recall": 0.0177986459925748,
      "ndcg": 0.010187740954907083,
      "mrr": 0.007851016029412895
    },
    "20": {
      "recall": 0.026970954356846474,
      "ndcg": 0.012533464033964499,
      "mrr": 0.008508861780843507
    }
  },
  "eval_pairs": 9158
}