{
  "recall@20": 0.7,
  "alpha": 0.6,
  "beta": 0.0,
  "metrics": {
    "1": {
      "recall": 0.0,
      "ndcg": 0.0,
      "mrr": 0.0
    },
    "5": {
      "recall": 0.2,
      "ndcg": 0.08521910862712381,
      "mrr": 0.04916666666666667
    },
    "10": {
      "recall": 0.3,
      "ndcg": 0.11472384972621727,
      "mrr": 0.05972222222222222
    },
    "20": {
      "recall": 0.7,
      "ndcg": 0.2163709996744292,
      "mrr": 0.08795731530251653
    }
  },
  "eval_pairs": 20
}